event,episode,reward,weight,best_value,total_weight,total_value,capacity,message
message,,,,,,,,--- Training Start ---
episode,1,16.0,25,36,,,,
episode,2,24.0,23,36,,,,
episode,3,27.0,23,36,,,,
episode,4,21.0,26,41,,,,
episode,5,33.0,30,43,,,,
episode,6,15.0,9,43,,,,
episode,7,29.0,30,49,,,,
episode,8,21.0,30,49,,,,
episode,9,25.0,30,49,,,,
episode,10,13.0,30,49,,,,
episode,11,37.0,30,49,,,,
episode,12,1.0,30,49,,,,
episode,13,49.0,30,49,,,,
episode,14,37.0,30,49,,,,
episode,15,49.0,30,49,,,,
episode,16,-7.0,30,49,,,,
episode,17,29.0,30,49,,,,
episode,18,49.0,30,49,,,,
episode,19,49.0,30,49,,,,
episode,20,31.0,30,49,,,,
episode,21,49.0,30,49,,,,
episode,22,17.0,30,49,,,,
episode,23,23.0,30,49,,,,
episode,24,35.0,30,49,,,,
episode,25,23.0,30,49,,,,
episode,26,15.0,30,49,,,,
episode,27,49.0,30,49,,,,
episode,28,49.0,30,49,,,,
episode,29,26.0,30,49,,,,
episode,30,49.0,30,49,,,,
episode,31,49.0,30,49,,,,
episode,32,33.0,30,49,,,,
episode,33,49.0,30,49,,,,
episode,34,41.0,30,49,,,,
episode,35,13.0,30,49,,,,
episode,36,27.0,30,49,,,,
episode,37,49.0,30,49,,,,
episode,38,29.0,30,49,,,,
episode,39,37.0,30,49,,,,
episode,40,20.0,30,49,,,,
episode,41,49.0,30,49,,,,
episode,42,49.0,30,49,,,,
episode,43,39.0,30,49,,,,
episode,44,49.0,30,49,,,,
episode,45,24.0,30,49,,,,
episode,46,39.0,30,49,,,,
episode,47,49.0,30,49,,,,
episode,48,37.0,30,49,,,,
episode,49,49.0,30,49,,,,
episode,50,35.0,30,49,,,,
episode,51,15.0,30,49,,,,
episode,52,35.0,30,49,,,,
episode,53,39.0,30,49,,,,
episode,54,39.0,30,49,,,,
episode,55,38.0,30,49,,,,
episode,56,39.0,30,49,,,,
episode,57,45.0,30,49,,,,
episode,58,21.0,30,49,,,,
episode,59,39.0,30,49,,,,
episode,60,39.0,30,49,,,,
episode,61,39.0,30,49,,,,
episode,62,49.0,30,49,,,,
episode,63,25.0,30,49,,,,
episode,64,41.0,30,49,,,,
episode,65,49.0,30,49,,,,
episode,66,28.0,30,49,,,,
episode,67,39.0,30,49,,,,
episode,68,19.0,30,49,,,,
episode,69,49.0,30,49,,,,
episode,70,31.0,30,49,,,,
episode,71,49.0,30,49,,,,
episode,72,13.0,30,49,,,,
episode,73,29.0,30,49,,,,
episode,74,35.0,30,49,,,,
episode,75,39.0,30,49,,,,
episode,76,49.0,30,49,,,,
episode,77,49.0,30,49,,,,
episode,78,49.0,30,49,,,,
episode,79,49.0,30,49,,,,
episode,80,49.0,30,49,,,,
episode,81,21.0,30,49,,,,
episode,82,49.0,30,49,,,,
episode,83,49.0,30,49,,,,
episode,84,23.0,30,49,,,,
episode,85,29.0,30,49,,,,
episode,86,49.0,30,49,,,,
episode,87,49.0,30,49,,,,
episode,88,35.0,30,49,,,,
episode,89,45.0,30,49,,,,
episode,90,22.0,30,49,,,,
episode,91,39.0,30,49,,,,
episode,92,27.0,30,49,,,,
episode,93,38.0,30,49,,,,
episode,94,32.0,30,49,,,,
episode,95,49.0,30,49,,,,
episode,96,24.0,30,49,,,,
episode,97,24.0,30,49,,,,
episode,98,43.0,30,49,,,,
episode,99,41.0,30,49,,,,
episode,100,49.0,30,49,,,,
episode,101,41.0,30,49,,,,
episode,102,41.0,30,49,,,,
episode,103,35.0,30,49,,,,
episode,104,29.0,30,49,,,,
episode,105,37.0,30,49,,,,
episode,106,34.0,30,49,,,,
episode,107,42.0,30,49,,,,
episode,108,41.0,30,49,,,,
episode,109,41.0,30,49,,,,
episode,110,38.0,30,49,,,,
episode,111,49.0,30,49,,,,
episode,112,21.0,30,49,,,,
episode,113,16.0,30,49,,,,
episode,114,49.0,30,49,,,,
episode,115,49.0,30,49,,,,
episode,116,31.0,30,49,,,,
episode,117,33.0,30,49,,,,
episode,118,49.0,30,49,,,,
episode,119,35.0,30,49,,,,
episode,120,49.0,30,49,,,,
episode,121,49.0,30,49,,,,
episode,122,33.0,30,49,,,,
episode,123,34.0,30,49,,,,
episode,124,32.0,30,49,,,,
episode,125,35.0,30,49,,,,
episode,126,39.0,30,49,,,,
episode,127,49.0,30,49,,,,
episode,128,41.0,30,49,,,,
episode,129,49.0,30,49,,,,
episode,130,49.0,30,49,,,,
episode,131,42.0,30,49,,,,
episode,132,49.0,30,49,,,,
episode,133,39.0,30,49,,,,
episode,134,49.0,30,49,,,,
episode,135,45.0,30,49,,,,
episode,136,41.0,30,49,,,,
episode,137,37.0,30,49,,,,
episode,138,49.0,30,49,,,,
episode,139,23.0,30,49,,,,
episode,140,33.0,30,49,,,,
episode,141,49.0,30,49,,,,
episode,142,26.0,30,49,,,,
episode,143,25.0,30,49,,,,
episode,144,33.0,30,49,,,,
episode,145,49.0,30,49,,,,
episode,146,33.0,30,49,,,,
episode,147,49.0,30,49,,,,
episode,148,33.0,30,49,,,,
episode,149,49.0,30,49,,,,
episode,150,49.0,30,49,,,,
episode,151,49.0,30,49,,,,
episode,152,33.0,30,49,,,,
episode,153,41.0,30,49,,,,
episode,154,45.0,30,49,,,,
episode,155,36.0,30,49,,,,
episode,156,42.0,30,49,,,,
episode,157,45.0,30,49,,,,
episode,158,23.0,30,49,,,,
episode,159,41.0,30,49,,,,
episode,160,41.0,30,49,,,,
episode,161,13.0,30,49,,,,
episode,162,17.0,30,49,,,,
episode,163,37.0,30,49,,,,
episode,164,49.0,30,49,,,,
episode,165,49.0,30,49,,,,
episode,166,49.0,30,49,,,,
episode,167,41.0,30,49,,,,
episode,168,49.0,30,49,,,,
episode,169,49.0,30,49,,,,
episode,170,32.0,30,49,,,,
episode,171,49.0,30,49,,,,
episode,172,49.0,30,49,,,,
episode,173,13.0,30,49,,,,
episode,174,39.0,30,49,,,,
episode,175,45.0,30,49,,,,
episode,176,33.0,30,49,,,,
episode,177,29.0,30,49,,,,
episode,178,49.0,30,49,,,,
episode,179,25.0,30,49,,,,
episode,180,49.0,30,49,,,,
episode,181,25.0,30,49,,,,
episode,182,49.0,30,49,,,,
episode,183,37.0,30,49,,,,
episode,184,41.0,30,49,,,,
episode,185,17.0,30,49,,,,
episode,186,39.0,30,49,,,,
episode,187,29.0,30,49,,,,
episode,188,49.0,30,49,,,,
episode,189,39.0,30,49,,,,
episode,190,37.0,30,49,,,,
episode,191,41.0,30,49,,,,
episode,192,49.0,30,49,,,,
episode,193,35.0,30,49,,,,
episode,194,49.0,30,49,,,,
episode,195,49.0,30,49,,,,
episode,196,36.0,30,49,,,,
episode,197,41.0,30,49,,,,
episode,198,49.0,30,49,,,,
episode,199,37.0,30,49,,,,
episode,200,37.0,30,49,,,,
episode,201,15.0,30,49,,,,
episode,202,39.0,30,49,,,,
episode,203,31.0,30,49,,,,
episode,204,39.0,30,49,,,,
episode,205,34.0,30,49,,,,
episode,206,39.0,30,49,,,,
episode,207,49.0,30,49,,,,
episode,208,49.0,30,49,,,,
episode,209,35.0,30,49,,,,
episode,210,37.0,30,49,,,,
episode,211,33.0,30,49,,,,
episode,212,49.0,30,49,,,,
episode,213,42.0,30,49,,,,
episode,214,39.0,30,49,,,,
episode,215,39.0,30,49,,,,
episode,216,33.0,30,49,,,,
episode,217,42.0,30,49,,,,
episode,218,49.0,30,49,,,,
episode,219,35.0,30,49,,,,
episode,220,28.0,30,49,,,,
episode,221,45.0,30,49,,,,
episode,222,49.0,30,49,,,,
episode,223,23.0,30,49,,,,
episode,224,45.0,30,49,,,,
episode,225,42.0,30,49,,,,
episode,226,49.0,30,49,,,,
episode,227,27.0,30,49,,,,
episode,228,49.0,30,49,,,,
episode,229,17.0,30,49,,,,
episode,230,49.0,30,49,,,,
episode,231,49.0,30,49,,,,
episode,232,49.0,30,49,,,,
episode,233,23.0,30,49,,,,
episode,234,27.0,30,49,,,,
episode,235,49.0,30,49,,,,
episode,236,49.0,30,49,,,,
episode,237,39.0,30,49,,,,
episode,238,37.0,30,49,,,,
episode,239,41.0,30,49,,,,
episode,240,27.0,30,49,,,,
episode,241,49.0,30,49,,,,
episode,242,45.0,30,49,,,,
episode,243,41.0,30,49,,,,
episode,244,49.0,30,49,,,,
episode,245,49.0,30,49,,,,
episode,246,49.0,30,49,,,,
episode,247,37.0,30,49,,,,
episode,248,23.0,30,49,,,,
episode,249,49.0,30,49,,,,
episode,250,31.0,30,49,,,,
episode,251,49.0,30,49,,,,
episode,252,49.0,30,49,,,,
episode,253,41.0,30,49,,,,
episode,254,39.0,30,49,,,,
episode,255,49.0,30,49,,,,
episode,256,49.0,30,49,,,,
episode,257,49.0,30,49,,,,
episode,258,41.0,30,49,,,,
episode,259,49.0,30,49,,,,
episode,260,49.0,30,49,,,,
episode,261,39.0,30,49,,,,
episode,262,35.0,30,49,,,,
episode,263,49.0,30,49,,,,
episode,264,49.0,30,49,,,,
episode,265,41.0,30,49,,,,
episode,266,27.0,30,49,,,,
episode,267,41.0,30,49,,,,
episode,268,3.0,30,49,,,,
episode,269,41.0,30,49,,,,
episode,270,49.0,30,49,,,,
episode,271,39.0,30,49,,,,
episode,272,41.0,30,49,,,,
episode,273,45.0,30,49,,,,
episode,274,41.0,30,49,,,,
episode,275,17.0,30,49,,,,
episode,276,49.0,30,49,,,,
episode,277,49.0,30,49,,,,
episode,278,49.0,30,49,,,,
episode,279,40.0,30,49,,,,
episode,280,49.0,30,49,,,,
episode,281,49.0,30,49,,,,
episode,282,39.0,30,49,,,,
episode,283,39.0,30,49,,,,
episode,284,34.0,30,49,,,,
episode,285,39.0,30,49,,,,
episode,286,31.0,30,49,,,,
episode,287,49.0,30,49,,,,
episode,288,37.0,30,49,,,,
episode,289,37.0,30,49,,,,
episode,290,49.0,30,49,,,,
episode,291,49.0,30,49,,,,
episode,292,49.0,30,49,,,,
episode,293,49.0,30,49,,,,
episode,294,49.0,30,49,,,,
episode,295,27.0,30,49,,,,
episode,296,49.0,30,49,,,,
episode,297,34.0,30,49,,,,
episode,298,49.0,30,49,,,,
episode,299,34.0,30,49,,,,
episode,300,49.0,30,49,,,,
episode,301,49.0,30,49,,,,
episode,302,49.0,30,49,,,,
episode,303,49.0,30,49,,,,
episode,304,42.0,30,49,,,,
episode,305,37.0,30,49,,,,
episode,306,49.0,30,49,,,,
episode,307,35.0,30,49,,,,
episode,308,27.0,30,49,,,,
episode,309,49.0,30,49,,,,
episode,310,45.0,30,49,,,,
episode,311,37.0,30,49,,,,
episode,312,49.0,30,49,,,,
episode,313,41.0,30,49,,,,
episode,314,45.0,30,49,,,,
episode,315,37.0,30,49,,,,
episode,316,49.0,30,49,,,,
episode,317,41.0,30,49,,,,
episode,318,37.0,30,49,,,,
episode,319,33.0,30,49,,,,
episode,320,49.0,30,49,,,,
episode,321,34.0,30,49,,,,
episode,322,41.0,30,49,,,,
episode,323,49.0,30,49,,,,
episode,324,39.0,30,49,,,,
episode,325,41.0,30,49,,,,
episode,326,37.0,30,49,,,,
episode,327,39.0,30,49,,,,
episode,328,41.0,30,49,,,,
episode,329,39.0,30,49,,,,
episode,330,49.0,30,49,,,,
episode,331,39.0,30,49,,,,
episode,332,39.0,30,49,,,,
episode,333,49.0,30,49,,,,
episode,334,49.0,30,49,,,,
episode,335,49.0,30,49,,,,
episode,336,33.0,30,49,,,,
episode,337,33.0,30,49,,,,
episode,338,49.0,30,49,,,,
episode,339,39.0,30,49,,,,
episode,340,33.0,30,49,,,,
episode,341,36.0,30,49,,,,
episode,342,27.0,30,49,,,,
episode,343,49.0,30,49,,,,
episode,344,25.0,30,49,,,,
episode,345,49.0,30,49,,,,
episode,346,49.0,30,49,,,,
episode,347,27.0,30,49,,,,
episode,348,49.0,30,49,,,,
episode,349,49.0,30,49,,,,
episode,350,49.0,30,49,,,,
episode,351,31.0,30,49,,,,
episode,352,42.0,30,49,,,,
episode,353,25.0,30,49,,,,
episode,354,40.0,30,49,,,,
episode,355,49.0,30,49,,,,
episode,356,35.0,30,49,,,,
episode,357,33.0,30,49,,,,
episode,358,13.0,30,49,,,,
episode,359,49.0,30,49,,,,
episode,360,49.0,30,49,,,,
episode,361,21.0,30,49,,,,
episode,362,37.0,30,49,,,,
episode,363,39.0,30,49,,,,
episode,364,49.0,30,49,,,,
episode,365,49.0,30,49,,,,
episode,366,37.0,30,49,,,,
episode,367,49.0,30,49,,,,
episode,368,49.0,30,49,,,,
episode,369,42.0,30,49,,,,
episode,370,39.0,30,49,,,,
episode,371,49.0,30,49,,,,
episode,372,33.0,30,49,,,,
episode,373,42.0,30,49,,,,
episode,374,42.0,30,49,,,,
episode,375,33.0,30,49,,,,
episode,376,42.0,30,49,,,,
episode,377,49.0,30,49,,,,
episode,378,35.0,30,49,,,,
episode,379,23.0,30,49,,,,
episode,380,49.0,30,49,,,,
episode,381,24.0,30,49,,,,
episode,382,25.0,30,49,,,,
episode,383,49.0,30,49,,,,
episode,384,34.0,30,49,,,,
episode,385,41.0,30,49,,,,
episode,386,49.0,30,49,,,,
episode,387,49.0,30,49,,,,
episode,388,17.0,30,49,,,,
episode,389,23.0,30,49,,,,
episode,390,39.0,30,49,,,,
episode,391,49.0,30,49,,,,
episode,392,49.0,30,49,,,,
episode,393,42.0,30,49,,,,
episode,394,33.0,30,49,,,,
episode,395,37.0,30,49,,,,
episode,396,49.0,30,49,,,,
episode,397,39.0,30,49,,,,
episode,398,35.0,30,49,,,,
episode,399,27.0,30,49,,,,
episode,400,39.0,30,49,,,,
episode,401,49.0,30,49,,,,
episode,402,49.0,30,49,,,,
episode,403,39.0,30,49,,,,
episode,404,49.0,30,49,,,,
episode,405,49.0,30,49,,,,
episode,406,49.0,30,49,,,,
episode,407,49.0,30,49,,,,
episode,408,49.0,30,49,,,,
episode,409,49.0,30,49,,,,
episode,410,32.0,30,49,,,,
episode,411,49.0,30,49,,,,
episode,412,42.0,30,49,,,,
episode,413,39.0,30,49,,,,
episode,414,33.0,30,49,,,,
episode,415,41.0,30,49,,,,
episode,416,49.0,30,49,,,,
episode,417,42.0,30,49,,,,
episode,418,41.0,30,49,,,,
episode,419,49.0,30,49,,,,
episode,420,42.0,30,49,,,,
episode,421,33.0,30,49,,,,
episode,422,32.0,30,49,,,,
episode,423,35.0,30,49,,,,
episode,424,25.0,30,49,,,,
episode,425,39.0,30,49,,,,
episode,426,38.0,30,49,,,,
episode,427,36.0,30,49,,,,
episode,428,35.0,30,49,,,,
episode,429,49.0,30,49,,,,
episode,430,45.0,30,49,,,,
episode,431,31.0,30,49,,,,
episode,432,39.0,30,49,,,,
episode,433,35.0,30,49,,,,
episode,434,49.0,30,49,,,,
episode,435,49.0,30,49,,,,
episode,436,49.0,30,49,,,,
episode,437,49.0,30,49,,,,
episode,438,31.0,30,49,,,,
episode,439,33.0,30,49,,,,
episode,440,49.0,30,49,,,,
episode,441,49.0,30,49,,,,
episode,442,45.0,30,49,,,,
episode,443,49.0,30,49,,,,
episode,444,39.0,30,49,,,,
episode,445,32.0,30,49,,,,
episode,446,16.0,30,49,,,,
episode,447,43.0,30,49,,,,
episode,448,39.0,30,49,,,,
episode,449,41.0,30,49,,,,
episode,450,49.0,30,49,,,,
episode,451,49.0,30,49,,,,
episode,452,33.0,30,49,,,,
episode,453,49.0,30,49,,,,
episode,454,49.0,30,49,,,,
episode,455,49.0,30,49,,,,
episode,456,41.0,30,49,,,,
episode,457,49.0,30,49,,,,
episode,458,49.0,30,49,,,,
episode,459,45.0,30,49,,,,
episode,460,42.0,30,49,,,,
episode,461,35.0,30,49,,,,
episode,462,39.0,30,49,,,,
episode,463,49.0,30,49,,,,
episode,464,49.0,30,49,,,,
episode,465,35.0,30,49,,,,
episode,466,41.0,30,49,,,,
episode,467,15.0,30,49,,,,
episode,468,41.0,30,49,,,,
episode,469,49.0,30,49,,,,
episode,470,41.0,30,49,,,,
episode,471,42.0,30,49,,,,
episode,472,29.0,30,49,,,,
episode,473,41.0,30,49,,,,
episode,474,49.0,30,49,,,,
episode,475,45.0,30,49,,,,
episode,476,35.0,30,49,,,,
episode,477,49.0,30,49,,,,
episode,478,22.0,30,49,,,,
episode,479,30.0,30,49,,,,
episode,480,42.0,30,49,,,,
episode,481,49.0,30,49,,,,
episode,482,42.0,30,49,,,,
episode,483,39.0,30,49,,,,
episode,484,49.0,30,49,,,,
episode,485,49.0,30,49,,,,
episode,486,35.0,30,49,,,,
episode,487,49.0,30,49,,,,
episode,488,23.0,30,49,,,,
episode,489,39.0,30,49,,,,
episode,490,33.0,30,49,,,,
episode,491,35.0,30,49,,,,
episode,492,49.0,30,49,,,,
episode,493,23.0,30,49,,,,
episode,494,38.0,30,49,,,,
episode,495,45.0,30,49,,,,
episode,496,33.0,30,49,,,,
episode,497,49.0,30,49,,,,
episode,498,45.0,30,49,,,,
episode,499,39.0,30,49,,,,
episode,500,41.0,30,49,,,,
message,,,,,,,,--- Training End ---
message,,,,,,,,Training finished in 0.050s
message,,,,,,,,Q-table entries: 267
solution,,,,,30,49,30,
message,,,,,,,,Best tracked value: 49.0 (weight 30)
